{"cameraMode":{"drawMode":0,"name":"Shaded","section":"Shading Mode"},"sceneLighting":true,"audioPlay":false,"sceneViewState":{"showFog":true,"showMaterialUpdate":true,"showSkybox":true,"showFlares":true,"showImageEffects":true,"showParticleSystems":true},"in2DMode":false,"pivot":{"x":0.12098866701126099,"y":0.3923264741897583,"z":-0.054656267166137698},"rotation":{"x":0.021900063380599023,"y":-0.9718567728996277,"z":0.21203632652759553,"w":0.10038302093744278},"size":6.1520562171936039,"orthographic":false}