{"cameraMode":{"drawMode":0,"name":"Shaded","section":"Shading Mode"},"sceneLighting":true,"audioPlay":false,"sceneViewState":{"showFog":true,"showMaterialUpdate":true,"showSkybox":true,"showFlares":true,"showImageEffects":true,"showParticleSystems":true},"in2DMode":false,"pivot":{"x":0.549784779548645,"y":1.1276651620864869,"z":-0.8488178849220276},"rotation":{"x":0.034706681966781619,"y":-0.9485088586807251,"z":0.11177831143140793,"w":0.2943682372570038},"size":10.164414405822754,"orthographic":false}