{"cameraMode":{"drawMode":0,"name":"Shaded","section":"Shading Mode"},"sceneLighting":true,"audioPlay":false,"sceneViewState":{"showFog":true,"showMaterialUpdate":true,"showSkybox":true,"showFlares":true,"showImageEffects":true,"showParticleSystems":true},"in2DMode":false,"pivot":{"x":0.3865756392478943,"y":0.8159784078598023,"z":0.5065902471542358},"rotation":{"x":0.04052741825580597,"y":-0.9549607038497925,"z":0.1549060046672821,"w":0.24987587332725526},"size":4.224162578582764,"orthographic":false}