{"cameraMode":{"drawMode":0,"name":"Shaded","section":"Shading Mode"},"sceneLighting":true,"audioPlay":false,"sceneViewState":{"showFog":true,"showMaterialUpdate":true,"showSkybox":true,"showFlares":true,"showImageEffects":true,"showParticleSystems":true},"in2DMode":false,"pivot":{"x":8.847155570983887,"y":-0.8204984664916992,"z":2.6297826766967775},"rotation":{"x":-0.08927863091230393,"y":0.9086454510688782,"z":-0.31886789202690127,"w":-0.25441211462020876},"size":4.09108304977417,"orthographic":false}