{"cameraMode":{"drawMode":0,"name":"Shaded","section":"Shading Mode"},"sceneLighting":true,"audioPlay":false,"sceneViewState":{"showFog":true,"showMaterialUpdate":true,"showSkybox":true,"showFlares":true,"showImageEffects":true,"showParticleSystems":true},"in2DMode":false,"pivot":{"x":11.860980987548829,"y":-0.10289478302001953,"z":-0.170745849609375},"rotation":{"x":-0.002029480878263712,"y":0.9410586953163147,"z":-0.3381906747817993,"w":-0.005646499339491129},"size":8.639432907104493,"orthographic":false}