{"cameraMode":{"drawMode":0,"name":"Shaded","section":"Shading Mode"},"sceneLighting":true,"audioPlay":false,"sceneViewState":{"showFog":true,"showMaterialUpdate":true,"showSkybox":true,"showFlares":true,"showImageEffects":true,"showParticleSystems":true},"in2DMode":false,"pivot":{"x":-0.8445945978164673,"y":1.6186175346374512,"z":-4.703143119812012},"rotation":{"x":0.035778194665908816,"y":-0.9568213224411011,"z":0.255565881729126,"w":0.13410231471061707},"size":9.611804962158204,"orthographic":false}