{"cameraMode":{"drawMode":0,"name":"Shaded","section":"Shading Mode"},"sceneLighting":true,"audioPlay":false,"sceneViewState":{"showFog":true,"showMaterialUpdate":true,"showSkybox":true,"showFlares":true,"showImageEffects":true,"showParticleSystems":true},"in2DMode":false,"pivot":{"x":-10.764781951904297,"y":0.045479774475097659,"z":-5.350177764892578},"rotation":{"x":0.007476347032934427,"y":0.9683698415756226,"z":-0.24778011441230775,"w":0.029030419886112214},"size":10.34184455871582,"orthographic":false}