{"cameraMode":{"drawMode":0,"name":"Shaded","section":"Shading Mode"},"sceneLighting":true,"audioPlay":false,"sceneViewState":{"showFog":true,"showMaterialUpdate":true,"showSkybox":true,"showFlares":true,"showImageEffects":true,"showParticleSystems":true},"in2DMode":false,"pivot":{"x":4.299012660980225,"y":0.20375585556030274,"z":-2.9375829696655275},"rotation":{"x":-0.011574425734579564,"y":0.9829209446907044,"z":-0.17125609517097474,"w":-0.06644733250141144},"size":9.611120223999024,"orthographic":false}