{"cameraMode":{"drawMode":0,"name":"Shaded","section":"Shading Mode"},"sceneLighting":true,"audioPlay":false,"sceneViewState":{"showFog":true,"showMaterialUpdate":true,"showSkybox":true,"showFlares":true,"showImageEffects":true,"showParticleSystems":true},"in2DMode":false,"pivot":{"x":14.656819343566895,"y":10.715928077697754,"z":-8.337105751037598},"rotation":{"x":-0.005808951798826456,"y":0.9899777173995972,"z":-0.043097563087940219,"w":-0.1344854235649109},"size":28.104379653930665,"orthographic":false}