{"cameraMode":{"drawMode":0,"name":"Shaded","section":"Shading Mode"},"sceneLighting":true,"audioPlay":false,"sceneViewState":{"showFog":true,"showMaterialUpdate":true,"showSkybox":true,"showFlares":true,"showImageEffects":true,"showParticleSystems":true},"in2DMode":false,"pivot":{"x":11.55790901184082,"y":1.4934091567993165,"z":0.8223485946655273},"rotation":{"x":-0.013515508733689785,"y":0.986264169216156,"z":-0.12643466889858247,"w":-0.10543625801801682},"size":3.8456661701202394,"orthographic":false}