{"cameraMode":{"drawMode":0,"name":"Shaded","section":"Shading Mode"},"sceneLighting":false,"audioPlay":false,"sceneViewState":{"showFog":true,"showMaterialUpdate":true,"showSkybox":true,"showFlares":true,"showImageEffects":true,"showParticleSystems":true},"in2DMode":false,"pivot":{"x":-12.874577522277832,"y":-2.3580312728881838,"z":-12.215675354003907},"rotation":{"x":0.029280874878168107,"y":0.9608598351478577,"z":-0.2520061433315277,"w":0.11144472658634186},"size":18.133636474609376,"orthographic":false}