{"cameraMode":{"drawMode":0,"name":"Shaded","section":"Shading Mode"},"sceneLighting":true,"audioPlay":false,"sceneViewState":{"showFog":true,"showMaterialUpdate":true,"showSkybox":true,"showFlares":true,"showImageEffects":true,"showParticleSystems":true},"in2DMode":false,"pivot":{"x":1.5217721462249756,"y":2.921980857849121,"z":-7.4551191329956059},"rotation":{"x":-0.000713852234184742,"y":-0.9987570643424988,"z":0.04797740280628204,"w":-0.014371202327311039},"size":15.894132614135743,"orthographic":false}