{"cameraMode":{"drawMode":0,"name":"Shaded","section":"Shading Mode"},"sceneLighting":false,"audioPlay":false,"sceneViewState":{"showFog":true,"showMaterialUpdate":true,"showSkybox":true,"showFlares":true,"showImageEffects":true,"showParticleSystems":true},"in2DMode":false,"pivot":{"x":-3.1763908863067629,"y":0.04651021957397461,"z":-3.8095531463623049},"rotation":{"x":0.057858094573020938,"y":-0.9410890340805054,"z":0.25741884112358096,"w":0.21154537796974183},"size":13.37777328491211,"orthographic":false}